Workbook

Sheet Dashboard
B2: 🏭 CAMUNDA – BUSINESS CASE DE CUSTO
B3: Estimativa de Custos de Infraestrutura
B5: A. IDENTIFICAÇÃO DO PROJETO
B6: Sigla do Projeto | C6: JX | E6: Nome do Projeto | F6: app-jx-camunda
B7: Responsável | E7: Data da Estimativa
B9: B. CONFIGURAÇÃO DOS CLUSTERS
B10: Parâmetro | C10: Cluster Norte | D10: Cluster Sul | E10: Total / Média
B11: Qtd PODs Green | C11: 3 | D11: 3 | E11: =C11+D11 -> 6
B12: Qtd PODs Blue | C12: 2 | D12: 2 | E12: =C12+D12 -> 4
B13: Limite Memória / POD (GB) | C13: 1 | D13: 1 | E13: =AVERAGE(C13,D13) -> 1
B14: Total PODs por Cluster | C14: =C11+C12 -> 5 | D14: =D11+D12 -> 5 | E14: =C14+D14 -> 10
B15: Total PODs (Geral) | C15: =C14 -> 5 | D15: =D14 -> 5 | E15: =C15+D15 -> 10
B17: C. BANCO DE DADOS
B18: Parâmetro | C18: Valor | D18: Unidade | E18: Observação
B19: Capacidade de Armazenamento | C19: 1 | D19: TB | E19: Banco de dados principal
B20: Custo Mensal BD (USD) | C20: 1500 | E20: Custo fixo mensal
B21: Custo Anual BD (USD) | C21: =C20*12 -> 18000
B23: D. PREMISSAS DE CUSTO – PODs
B24: Tipo POD | C24: Qtd por Cluster | D24: Clusters | E24: Total PODs | F24: Custo Unit/Mês (USD) | G24: Custo Total/Mês (USD)
B25: Green (Produção) | C25: =C11 -> 3 | D25: 2 | E25: =C25*D25 -> 6 | F25: 150 | G25: =D25*E25 -> 12
B26: Blue (Standby) | C26: =C12 -> 2 | D26: 2 | E26: =C26*D26 -> 4 | F26: 80 | G26: =D26*E26 -> 8
B27: TOTAL MENSAL – PODs | G27: =G25+G26 -> 20
B29: E. RESUMO CONSOLIDADO DE CUSTOS
B30: Componente | C30: Custo Mensal (USD) | D30: Custo Anual (USD) | E30: % do Total Mensal
B31: PODs Green | C31: =G25 -> 12 | D31: =C31*12 -> 144 | E31: =C31/$C$34 -> 0.0078947368
B32: PODs Blue | C32: =G26 -> 8 | D32: =C32*12 -> 96 | E32: =C32/$C$34 -> 0.0052631579
B33: Banco de Dados | C33: =C20 -> 1500 | D33: =C33*12 -> 18000 | E33: =C33/$C$34 -> 0.98684211
B34: TOTAL GERAL | C34: =C31+C32+C33 -> 1520 | D34: =C34*12 -> 18240 | E34: 1
B36: F. SIMULAÇÃO DE CENÁRIOS (altere as células amarelas para simular)
B37: Cenário | C37: Nº PODs Green | D37: Nº PODs Blue | E37: Custo BD/Mês | F37: Custo PODs/Mês | G37: TOTAL/MÊS
B38: Base (Atual) | C38: =C11*2 -> 6 | D38: =C12*2 -> 4 | E38: =C20 -> 1500 | F38: =(C38*150*2)+(D38*80*2) -> 2440 | G38: =E38+F38 -> 3940
B39: Expansão +50% | C39: 9 | D39: 6 | E39: 1500 | F39: =(C39*150*2)+(D39*80*2) -> 3660 | G39: =E39+F39 -> 5160
B40: Redução -30% | C40: 4 | D40: 2 | E40: 1200 | F40: =(C40*150*2)+(D40*80*2) -> 1520 | G40: =E40+F40 -> 2720
B42: LEGENDA DE CORES
B43: 🔵 Azul/Amarelo – Entrada de dados (editável pelo usuário)
B44: 🟢 Verde – Resultado calculado
B45: 🔷 Azul claro – Rótulo / Parâmetro

Sheet Detalhamento PODs
B2: DETALHAMENTO DE PODs – CLUSTER NORTE & SUL
B4: ▶ CLUSTER NORTE
B5: Tipo POD | C5: Nº POD | D5: Memória Limite (GB) | E5: CPU Limit | F5: Ambiente | G5: Namespace | H5: Status | I5: Custo Estimado/Mês (USD)
B6: Green | C6: Green-01 | D6: 1 | E6: 500m | F6: Produção | G6: camunda-prod-norte | H6: Running | I6: 150
B7: Green | C7: Green-02 | D7: 1 | E7: 500m | F7: Produção | G7: camunda-prod-norte | H7: Running | I7: 150
B8: Green | C8: Green-03 | D8: 1 | E8: 500m | F8: Produção | G8: camunda-prod-norte | H8: Running | I8: 150
B9: Blue | C9: Blue-01 | D9: 1 | E9: 500m | F9: Staging | G9: camunda-staging-norte | H9: Running | I9: 80
B10: Blue | C10: Blue-02 | D10: 1 | E10: 500m | F10: Staging | G10: camunda-staging-norte | H10: Running | I10: 80
B11: Subtotal Cluster Norte – 5 PODs
B13: ▶ CLUSTER SUL
B14: Tipo POD | C14: Nº POD | D14: Memória Limite (GB) | E14: CPU Limit | F14: Ambiente | G14: Namespace | H14: Status | I14: Custo Estimado/Mês (USD)
B15: Green | C15: Green-01 | D15: 1 | E15: 500m | F15: Produção | G15: camunda-prod-sul | H15: Running | I15: 150
B16: Green | C16: Green-02 | D16: 1 | E16: 500m | F16: Produção | G16: camunda-prod-sul | H16: Running | I16: 150
B17: Green | C17: Green-03 | D17: 1 | E17: 500m | F17: Produção | G17: camunda-prod-sul | H17: Running | I17: 150
B18: Blue | C18: Blue-01 | D18: 1 | E18: 500m | F18: Staging | G18: camunda-staging-sul | H18: Running | I18: 80
B19: Blue | C19: Blue-02 | D19: 1 | E19: 500m | F19: Staging | G19: camunda-staging-sul | H19: Running | I19: 80
B20: Subtotal Cluster Sul – 5 PODs

Sheet Projeção 12 Meses
B2: PROJEÇÃO DE CUSTOS – 12 MESES
B4: Componente | C4: Jan | D4: Fev | E4: Mar | F4: Abr | G4: Mai | H4: Jun | I4: Jul | J4: Ago | K4: Set | L4: Out | M4: Nov | N4: Dez | O4: Total Anual
B5: PODs Green | C5: =Dashboard!G25 -> 12 | D5: =Dashboard!G25 -> 12 | E5: =Dashboard!G25 -> 12 | F5: =Dashboard!G25 -> 12 | G5: =Dashboard!G25 -> 12 | H5: =Dashboard!G25 -> 12 | I5: =Dashboard!G25 -> 12 | J5: =Dashboard!G25 -> 12 | K5: =Dashboard!G25 -> 12 | L5: =Dashboard!G25 -> 12 | M5: =Dashboard!G25 -> 12 | N5: =Dashboard!G25 -> 12 | O5: =SUM(C5:N5) -> 144
B6: PODs Blue | C6: =Dashboard!G26 -> 8 | D6: =Dashboard!G26 -> 8 | E6: =Dashboard!G26 -> 8 | F6: =Dashboard!G26 -> 8 | G6: =Dashboard!G26 -> 8 | H6: =Dashboard!G26 -> 8 | I6: =Dashboard!G26 -> 8 | J6: =Dashboard!G26 -> 8 | K6: =Dashboard!G26 -> 8 | L6: =Dashboard!G26 -> 8 | M6: =Dashboard!G26 -> 8 | N6: =Dashboard!G26 -> 8 | O6: =SUM(C6:N6) -> 96
B7: Banco de Dados | C7: =Dashboard!C20 -> 1500 | D7: =Dashboard!C20 -> 1500 | E7: =Dashboard!C20 -> 1500 | F7: =Dashboard!C20 -> 1500 | G7: =Dashboard!C20 -> 1500 | H7: =Dashboard!C20 -> 1500 | I7: =Dashboard!C20 -> 1500 | J7: =Dashboard!C20 -> 1500 | K7: =Dashboard!C20 -> 1500 | L7: =Dashboard!C20 -> 1500 | M7: =Dashboard!C20 -> 1500 | N7: =Dashboard!C20 -> 1500 | O7: =SUM(C7:N7) -> 18000
B8: TOTAL GERAL | C8: =C5+C6+C7 -> 1520 | D8: =D5+D6+D7 -> 1520 | E8: =E5+E6+E7 -> 1520 | F8: =F5+F6+F7 -> 1520 | G8: =G5+G6+G7 -> 1520 | H8: =H5+H6+H7 -> 1520 | I8: =I5+I6+I7 -> 1520 | J8: =J5+J6+J7 -> 1520 | ... N8: =N5+N6+N7 -> 1520 | O8: =SUM(C8:N8) -> 18240
