Workbook

Sheet Resumo
B2: RESUMO CONSOLIDADO — TODOS OS PROJETOS
B3: Visão consolidada por projeto | Camunda Infrastructure Business Case
B5: Projeto | C5: Compute/Mês | D5: BD + Licença/Mês | E5: TOTAL/Mês
B6: JX · app-jx-camunda | C6: ='JX - app-jx-camunda'!H18 -> 156.52 | D6: ='JX - app-jx-camunda'!H28+'JX - app-jx-camunda'!H34 -> 0 | E6: ='JX - app-jx-camunda'!H41 -> 156.52
B7: JX · app-jx-camunda-worker | C7: ='JX - app-jx-camunda-worker'!H18 -> 156.52 | D7: ='JX - app-jx-camunda-worker'!H28+'JX - app-jx-camunda-worker'!H34 -> 0 | E7: ='JX - app-jx-camunda-worker'!H41 -> 156.52
B8: KMB · app-xpto-kmb | C8: ='KMB - app-xpto-kmb'!H18 -> 156.52 | D8: ='KMB - app-xpto-kmb'!H28+'KMB - app-xpto-kmb'!H34 -> 0 | E8: ='KMB - app-xpto-kmb'!H41 -> 156.52
B9: TOTAL GERAL | C9: =C6+C7 -> 313.04 | D9: =D6+D7 -> 0 | E9: =E6+E7 -> 313.04
B10: TOTAL GERAL | C10: =C6+C7+C8 -> 469.56 | D10: =D6+D7+D8 -> 0 | E10: =E6+E7+E8 -> 469.56

Sheet JX - app-jx-camunda
B2: CAMUNDA — BUSINESS CASE DE INFRAESTRUTURA
B3: Análise OnPremises → AWS | Ref: AWS Pricing Calculator
B5: 1. IDENTIFICAÇÃO DO PROJETO
B6: Sigla | C6: JX
B7: Nome do Projeto | C7: app-jx-camunda
B8: Responsável
B9: Data
B11: 2. COMPUTE — PODs
B12: 💡 1 quota = 4 GB | Nº Quotas = ⌈ Qtd × Mem/POD ÷ 4 ⌉ | t4g.medium · 2vCPU · 4GB · On-Demand → USD 39,13/quota/mês
B13: Cluster | C13: Tipo | D13: Qtd PODs | E13: Mem/POD (GB) | F13: Nº Quotas | G13: Custo Unit/Mês | H13: Custo Total/Mês
B14: Norte | C14: Green | D14: 3 | E14: 1 | F14: =CEILING(D14*E14/4,1) -> 1 | G14: 39.13 | H14: =F14*G14 -> 39.13
B15: Norte | C15: Blue | D15: 2 | E15: 1 | F15: =CEILING(D15*E15/4,1) -> 1 | G15: 39.13 | H15: =F15*G15 -> 39.13
B16: Sul | C16: Green | D16: 3 | E16: 1 | F16: =CEILING(D16*E16/4,1) -> 1 | G16: 39.13 | H16: =F16*G16 -> 39.13
B17: Sul | C17: Blue | D17: 2 | E17: 1 | F17: =CEILING(D17*E17/4,1) -> 1 | G17: 39.13 | H17: =F17*G17 -> 39.13
B18: SUBTOTAL COMPUTE | H18: =SUM(H14:H17) -> 156.52
B20: 3. BANCO DE DADOS
B21: ⚠️ Preencha após consultar a AWS Pricing Calculator
B22: Parâmetro | C22: Valor
B23: Tipo de Instância | D23: ex: db.t3.medium
B24: vCPUs | D24: ex: 2
B25: Memória RAM (GB) | D25: ex: 4
B26: Storage (GB) | D26: ex: 1000
B27: Custo/Mês (USD) | D27: preencher após AWS Pricing Calculator
B28: SUBTOTAL BD | H28: =C27 -> 0
B30: 4. LICENÇA CAMUNDA
B31: ⚠️ Preencha após negociação com Camunda
B32: Parâmetro | C32: Valor
B33: Custo Total/Mês (USD) | D33: preencher após negociação com Camunda
B34: SUBTOTAL LICENÇA | H34: =C33 -> 0
B36: 5. CUSTO TOTAL MENSAL ESTIMADO
B37: Componente | H37: Custo/Mês (USD)
B38: Compute – PODs | H38: =H18 -> 156.52
B39: Banco de Dados | H39: =H28 -> 0
B40: Licença Camunda | H40: =H34 -> 0
B41: TOTAL GERAL | H41: =H38+H39+H40 -> 156.52
B43: 📌 Células amarelas = entrada de dados. Nº Quotas calculado automaticamente.

Sheet JX - app-jx-camunda-worker
B2: CAMUNDA — BUSINESS CASE DE INFRAESTRUTURA
B3: Análise OnPremises → AWS | Ref: AWS Pricing Calculator
B5: 1. IDENTIFICAÇÃO DO PROJETO
B6: Sigla | C6: JX
B7: Nome do Projeto | C7: app-jx-camunda-worker
B8: Responsável
B9: Data
B11: 2. COMPUTE — PODs
B12: 💡 1 quota = 4 GB | Nº Quotas = ⌈ Qtd × Mem/POD ÷ 4 ⌉ | t4g.medium · 2vCPU · 4GB · On-Demand → USD 39,13/quota/mês
B13: Cluster | C13: Tipo | D13: Qtd PODs | E13: Mem/POD (GB) | F13: Nº Quotas | G13: Custo Unit/Mês | H13: Custo Total/Mês
B14: Norte | C14: Green | D14: 3 | E14: 1 | F14: =CEILING(D14*E14/4,1) -> 1 | G14: 39.13 | H14: =F14*G14 -> 39.13
B15: Norte | C15: Blue | D15: 2 | E15: 1 | F15: =CEILING(D15*E15/4,1) -> 1 | G15: 39.13 | H15: =F15*G15 -> 39.13
B16: Sul | C16: Green | D16: 3 | E16: 1 | F16: =CEILING(D16*E16/4,1) -> 1 | G16: 39.13 | H16: =F16*G16 -> 39.13
B17: Sul | C17: Blue | D17: 2 | E17: 1 | F17: =CEILING(D17*E17/4,1) -> 1 | G17: 39.13 | H17: =F17*G17 -> 39.13
B18: SUBTOTAL COMPUTE | H18: =SUM(H14:H17) -> 156.52
B20: 3. BANCO DE DADOS
B21: ⚠️ Preencha após consultar a AWS Pricing Calculator
B22: Parâmetro | C22: Valor
B23: Tipo de Instância | D23: ex: db.t3.medium
B24: vCPUs | D24: ex: 2
B25: Memória RAM (GB) | D25: ex: 4
B26: Storage (GB) | D26: ex: 1000
B27: Custo/Mês (USD) | D27: preencher após AWS Pricing Calculator
B28: SUBTOTAL BD | H28: =C27 -> 0
B30: 4. LICENÇA CAMUNDA
B31: ⚠️ Preencha após negociação com Camunda
B32: Parâmetro | C32: Valor
B33: Custo Total/Mês (USD) | D33: preencher após negociação com Camunda
B34: SUBTOTAL LICENÇA | H34: =C33 -> 0
B36: 5. CUSTO TOTAL MENSAL ESTIMADO
B37: Componente | H37: Custo/Mês (USD)
B38: Compute – PODs | H38: =H18 -> 156.52
B39: Banco de Dados | H39: =H28 -> 0
B40: Licença Camunda | H40: =H34 -> 0
B41: TOTAL GERAL | H41: =H38+H39+H40 -> 156.52
B43: 📌 Células amarelas = entrada de dados. Nº Quotas calculado automaticamente.

Sheet KMB - app-xpto-kmb
B2: CAMUNDA — BUSINESS CASE DE INFRAESTRUTURA
B3: Análise OnPremises → AWS | Ref: AWS Pricing Calculator
B5: 1. IDENTIFICAÇÃO DO PROJETO
B6: Sigla | C6: KMB
B7: Nome do Projeto | C7: app-xpto-kmb
B8: Responsável
B9: Data
B11: 2. COMPUTE — PODs
B12: 💡 1 quota = 4 GB | Nº Quotas = ⌈ Qtd × Mem/POD ÷ 4 ⌉ | t4g.medium · 2vCPU · 4GB · On-Demand → USD 39,13/quota/mês
B13: Cluster | C13: Tipo | D13: Qtd PODs | E13: Mem/POD (GB) | F13: Nº Quotas | G13: Custo Unit/Mês | H13: Custo Total/Mês
B14: Norte | C14: Green | D14: 3 | E14: 1 | F14: =CEILING(D14*E14/4,1) -> 1 | G14: 39.13 | H14: =F14*G14 -> 39.13
B15: Norte | C15: Blue | D15: 2 | E15: 1 | F15: =CEILING(D15*E15/4,1) -> 1 | G15: 39.13 | H15: =F15*G15 -> 39.13
B16: Sul | C16: Green | D16: 3 | E16: 1 | F16: =CEILING(D16*E16/4,1) -> 1 | G16: 39.13 | H16: =F16*G16 -> 39.13
B17: Sul | C17: Blue | D17: 2 | E17: 1 | F17: =CEILING(D17*E17/4,1) -> 1 | G17: 39.13 | H17: =F17*G17 -> 39.13
B18: SUBTOTAL COMPUTE | H18: =SUM(H14:H17) -> 156.52
B20: 3. BANCO DE DADOS
B21: ⚠️ Preencha após consultar a AWS Pricing Calculator
B22: Parâmetro | C22: Valor
B23: Tipo de Instância | D23: ex: db.t3.medium
B24: vCPUs | D24: ex: 2
B25: Memória RAM (GB) | D25: ex: 4
B26: Storage (GB) | D26: ex: 1000
B27: Custo/Mês (USD) | D27: preencher após AWS Pricing Calculator
B28: SUBTOTAL BD | H28: =C27 -> 0
B30: 4. LICENÇA CAMUNDA
B31: ⚠️ Preencha após negociação com Camunda
B32: Parâmetro | C32: Valor
B33: Custo Total/Mês (USD) | D33: preencher após negociação com Camunda
B34: SUBTOTAL LICENÇA | H34: =C33 -> 0
B36: 5. CUSTO TOTAL MENSAL ESTIMADO
B37: Componente | H37: Custo/Mês (USD)
B38: Compute – PODs | H38: =H18 -> 156.52
B39: Banco de Dados | H39: =H28 -> 0
B40: Licença Camunda | H40: =H34 -> 0
B41: TOTAL GERAL | H41: =H38+H39+H40 -> 156.52
B43: 📌 Células amarelas = entrada de dados. Nº Quotas calculado automaticamente.
